{"cameraMode":{"drawMode":0,"name":"Shaded","section":"Shading Mode"},"sceneLighting":true,"audioPlay":false,"sceneViewState":{"m_AlwaysRefresh":false,"showFog":true,"showSkybox":true,"showFlares":true,"showImageEffects":true,"showParticleSystems":true,"showVisualEffectGraphs":true,"m_FxEnabled":true},"in2DMode":false,"pivot":{"x":1.0219829082489014,"y":-0.3925884962081909,"z":-0.6350455284118652},"rotation":{"x":-0.09907611459493637,"y":0.8577579259872437,"z":-0.18041354417800904,"w":-0.4710475504398346},"size":2.4073948860168459,"orthographic":false}